<?xml version="1.0" encoding="UTF-8"?>
<project xmlns="http://www.netbeans.org/ns/project/1">
    <type>com.microchip.mplab.nbide.embedded.makeproject</type>
    <configuration>
        <data xmlns="http://www.netbeans.org/ns/make-project/1">
            <name>pic24hj128gp502_MCP3424_MCP9700A</name>
            <creation-uuid>26f9c94e-f219-46d5-bf11-bd747c7d89a6</creation-uuid>
            <make-project-type>0</make-project-type>
            <c-extensions>c</c-extensions>
            <cpp-extensions/>
            <header-extensions>h</header-extensions>
            <asminc-extensions/>
            <sourceEncoding>ISO-8859-1</sourceEncoding>
            <make-dep-projects/>
        </data>
    </configuration>
</project>
